discription,name,image,price
Ellis suede loafers,Manolo Blahnik,,
Berwick leather desert boots,Manolo Blahnik,,
Berwick leather desert boots,Manolo Blahnik,,
Nadores suede slip-on shoes,Manolo Blahnik,,
Ellis leather loafers,Manolo Blahnik,,
x Oakley suede slip-on sneakers,Junya Watanabe,,
Logo velvet slides ,Tom Ford,,
x New Balance URC42 leather sneakers,Junya Watanabe,,
x New Balance URC42 leather sneakers,Junya Watanabe,,
True Act low-top sneakers,Valentino Garavani,,
Rockstud M-Way leather loafers,Valentino Garavani,,
Pace low-top sneakers,Kenzo,,
Bars M suede-trimmed sneakers,Acne Studios,,
Dome leather sneakers,Kenzo,,
Suede-trimmed leather sneakers,Acne Studios,,
Pace sneakers,Kenzo,,
S0101 suede sneakers,Stone Island,,
S0101 suede sneakers,Stone Island,,
Kenzo Matto leather sandals,Kenzo,,
Kenzo Matto suede clogs,Kenzo,,
Leather Derby shoes,Acne Studios,,
PXT leather sneakers,Kenzo,,
Kenzo-Pace mesh sneakers,Kenzo,,
VLogo Signature leather mules,Valentino Garavani,,
VLogo Signature leather mules,Valentino Garavani,,
Leather sandals,Lemaire,,
Low-top sneakers,Valentino Garavani,,
Pockets slides,Sacai,,
PXT leather sneakers,Kenzo,,
Brompton suede Chelsea boots,Manolo Blahnik,,
Dome leather sneakers,Kenzo,,
Dome leather sneakers,Kenzo,,
Leather penny loafer mules,Thom Browne,,
Dome suede sneakers,Kenzo,,
Leather sneakers,Brunello Cucinelli,,
PXT leather sneakers,Kenzo,,
Barnes leather espadrilles,Tom Ford,,
Skynyrd Ring leather sneakers,Visvim,,
Leather low-top sneakers,Acne Studios,,
Anatomical leather Derby shoes,Ami Paris,,
Neal velvet loafers,Tom Ford,,
Perry suede penny loafers,Manolo Blahnik,,
x Asics sneakers,Kenzo,,
x Asics sneakers,Kenzo,,
Leather lace-up brogue boots,Thom Browne,,
Ellis leather penny loafers,Manolo Blahnik,,
Ellis suede penny loafers,Manolo Blahnik,,
Leopard-printed espadrilles,Tom Ford,,
Elkan leather Oxford shoes,Tom Ford,,
Suede sandals,Brunello Cucinelli,,
Leather Derby shoes,Valentino Garavani,,
Suede espadrilles,Brunello Cucinelli,,
Low-top leather sneakers,Acne Studios,,
Perey Cities leather sneakers,Acne Studios,,
Suede longwing brogues,Brunello Cucinelli,,
Leather platform Derby shoes,Sacai,,
Cambridge suede sneakers,Tom Ford,,
Leather slippers,Lemaire,,
James suede-trimmed sneakers,Tom Ford,,
Rockstud Essential leather loafers,Valentino Garavani,,
